date,hydrophone,total_detections,mean_detection_confidence,median_detection_confidence,recording_files,matched_recording_files,total_duration_seconds,mean_file_confidence,median_file_confidence,total_duration_hours,detections_per_hour
2024-07-25,1,1116,0.91322803,0.9592817,7,7,21033.541666666668,0.86546177,0.9041852,5.842650462962963,191.0092015728846
2024-07-26,0,3,0.91072303,0.9123968,1,1,3004.5833333333335,0.91072303,0.91072303,0.8346064814814815,3.5945083899597834
2024-07-26,1,2857,0.880804,0.9348511,11,11,33051.354166666664,0.8323793,0.88736176,9.180931712962963,311.1884598777786
2024-07-26,2,2,0.61529696,0.61529696,2,2,6009.6875,0.61529696,0.61529696,1.6693576388888889,1.1980656232125215
2024-07-27,1,3386,0.8951878,0.93885314,10,10,30049.270833333332,0.8800524,0.89618146,8.347019675925926,405.65377002353773
2024-07-28,1,3685,0.8768131,0.9400217,10,10,30048.75,0.8560642,0.8630321,8.346875,441.48259078996625
2024-07-28,2,5,0.6370633,0.5820645,3,3,9013.958333333334,0.6625795,0.59878904,2.503877314814815,1.9969029514410521
2024-07-29,0,13,0.87578017,0.97507757,2,2,6009.895833333333,0.9013951,0.9013951,1.669415509259259,7.787156599358697
2024-07-29,1,4473,0.8513224,0.9104389,11,11,33052.916666666664,0.803628,0.8194738,9.18136574074074,487.1824221261362
2024-07-30,1,3164,0.88298887,0.94241726,11,11,33052.1875,0.8392407,0.85869896,9.181163194444444,344.61864286592225
2024-07-31,1,4054,0.86038655,0.9181839,11,11,33053.125,0.81378496,0.8556073,9.18142361111111,441.54372695471307
2024-08-01,1,3060,0.86502,0.930707,11,11,33053.229166666664,0.8053459,0.8250923,9.181452546296295,333.2805985295184
2024-08-01,2,1,0.627588,0.627588,1,1,3004.6875,0.627588,0.627588,0.8346354166666666,1.1981279251170047
2024-08-02,1,3935,0.85026026,0.9066026,11,11,33052.083333333336,0.82185173,0.8303322,9.18113425925926,428.59628112196657
2024-08-02,2,1,0.6544798,0.6544798,1,1,3004.5833333333335,0.6544798,0.6544798,0.8346064814814815,1.1981694633199278
2024-08-03,0,13,0.8056417,0.90695184,3,3,9014.375,0.77970475,0.7607859,2.5039930555555556,5.191707689107675
2024-08-03,1,4068,0.8904518,0.9448627,11,11,33053.645833333336,0.8317801,0.85928184,9.181568287037038,443.0615634306603
2024-08-04,1,3500,0.87527245,0.93150854,11,11,33053.541666666664,0.85947955,0.87118864,9.181539351851852,381.1996949393976
2024-08-04,2,3,0.5693601,0.56951904,1,1,3005.0,0.5693601,0.5693601,0.8347222222222223,3.594009983361065
2024-08-05,1,2998,0.8576458,0.90288633,11,11,33051.5625,0.8288698,0.83955777,9.180989583333334,326.54431995461636
2024-08-05,2,1,0.5248511,0.5248511,1,1,3005.0,0.5248511,0.5248511,0.8347222222222223,1.1980033277870217
2024-08-06,1,3558,0.8649017,0.90640384,11,11,33053.541666666664,0.8339256,0.84654385,9.181539351851852,387.5167184555362
2024-08-06,2,1,0.53803384,0.53803384,1,1,3004.4791666666665,0.53803384,0.53803384,0.8345775462962962,1.1982110044031482
2024-08-07,1,2510,0.8462518,0.89232814,11,11,33053.229166666664,0.8091091,0.8068016,9.181452546296295,273.37722297682717
2024-08-07,2,3,0.60060436,0.5578481,3,3,9013.958333333334,0.60060436,0.5578481,2.503877314814815,1.1981417708646314
2024-08-08,1,2573,0.8468887,0.88901126,11,11,33025.416666666664,0.8247203,0.81609607,9.173726851851852,280.4748867665056
2024-08-08,2,1,0.68771255,0.68771255,1,1,3004.375,0.68771255,0.68771255,0.8345486111111111,1.1982525483669648
2024-08-09,1,2578,0.82008713,0.85927635,11,11,33050.520833333336,0.7996323,0.8201796,9.180700231481483,280.80646737160595
2024-08-09,2,2,0.5515339,0.5515339,2,2,6009.270833333334,0.5515339,0.5515339,1.6692418981481483,1.1981486938584478
2024-08-10,1,2059,0.85780376,0.89988583,11,11,33049.166666666664,0.80100304,0.8082893,9.180324074074074,224.28402128142415
2024-08-10,2,2,0.64700246,0.64700246,2,2,6008.4375,0.64700246,0.64700246,1.6690104166666666,1.198314869714464
2024-08-11,0,2,0.7784208,0.7784208,1,1,3004.7916666666665,0.7784208,0.7784208,0.8346643518518518,2.396172779588158
2024-08-11,1,2822,0.8782906,0.9241323,11,11,33050.104166666664,0.80584586,0.84609795,9.18058449074074,307.38783601917544
2024-08-11,2,16,0.6158581,0.5995857,5,5,15022.8125,0.5957303,0.5920586,4.173003472222222,3.8341688681796438
2024-08-12,0,2889,0.6648453,0.6464541,8,8,22018.125,0.69989103,0.68522465,6.116145833333333,472.35629736864513
2024-08-12,1,3332,0.84325975,0.88272095,11,11,31006.25,0.8102873,0.8358243,8.612847222222221,386.8639387220319
2024-08-12,2,709,0.75300294,0.745765,8,8,22018.229166666668,0.71633863,0.72894204,6.116174768518519,115.92212891780011
2024-08-13,0,11388,0.6678785,0.6565013,11,11,33049.479166666664,0.6673162,0.6692724,9.18041087962963,1240.4673548183753
2024-08-13,1,3962,0.8367956,0.87972754,11,11,33049.479166666664,0.79583955,0.8098126,9.18041087962963,431.57109762824047
2024-08-13,2,1254,0.7763742,0.7843805,11,11,33049.479166666664,0.76118356,0.75948095,9.18041087962963,136.59519344417302
2024-08-14,0,9793,0.6350684,0.62105775,11,11,33050.729166666664,0.63965726,0.6315245,9.18075810185185,1066.6875100461098
2024-08-14,1,3718,0.81180567,0.85183465,11,11,33050.729166666664,0.7918295,0.7969615,9.18075810185185,404.97744943852103
2024-08-14,2,1681,0.7375237,0.73080194,11,11,33050.729166666664,0.7326355,0.7286951,9.18075810185185,183.10034763479123
2024-08-15,0,4765,0.64405835,0.6222117,11,11,33050.3125,0.6542938,0.6449419,9.180642361111111,519.0268624540237
2024-08-15,1,4518,0.80367345,0.8392638,11,11,33050.3125,0.788059,0.7861508,9.180642361111111,492.12242698159054
2024-08-15,2,1910,0.73846847,0.740925,11,11,33050.3125,0.72377753,0.73079836,9.180642361111111,208.04644434148693
2024-08-16,0,5183,0.64343804,0.6226864,11,11,33049.375,0.61796427,0.61076653,9.180381944444445,564.57346016377
2024-08-16,1,2451,0.7927836,0.8270541,11,11,33049.375,0.7413233,0.7641161,9.180381944444445,266.98235594470395
2024-08-16,2,1001,0.713997,0.6975113,11,11,33049.375,0.7137188,0.69183546,9.180381944444445,109.03685773180278
2024-08-17,0,9392,0.64993227,0.6329428,11,11,33049.895833333336,0.61990035,0.6155129,9.18052662037037,1023.0349944370727
2024-08-17,1,1476,0.8042359,0.84882534,11,11,33049.895833333336,0.7756121,0.80450475,9.18052662037037,160.77509069304932
2024-08-17,2,686,0.73851454,0.72937644,11,11,33049.895833333336,0.7237583,0.70936435,9.18052662037037,74.72338225977767
2024-08-18,0,3697,0.59685105,0.5735342,11,11,33049.166666666664,0.62792045,0.61787826,9.180324074074074,402.70909503517487
2024-08-18,1,1522,0.8482772,0.8932079,11,11,33049.166666666664,0.7685837,0.83519155,9.180324074074074,165.7893542449381
2024-08-18,2,659,0.75213355,0.73842245,11,11,33049.166666666664,0.71139926,0.70966,9.180324074074074,71.78395824403036
2024-08-19,0,2807,0.56864107,0.54887146,11,11,33049.479166666664,0.5806381,0.5732382,9.18041087962963,305.7597352454495
2024-08-19,1,1766,0.8072305,0.8471409,11,11,33049.479166666664,0.78890073,0.81808025,9.18041087962963,192.36611772121975
2024-08-19,2,346,0.7485613,0.71688086,10,10,30045.208333333336,0.73684937,0.72238374,8.345891203703705,41.457525811797495
2024-08-20,0,1485,0.5909111,0.5574208,11,11,33049.270833333336,0.62499475,0.6150396,9.18035300925926,161.75848559442497
2024-08-20,1,2173,0.826602,0.8676688,11,11,33049.270833333336,0.80058295,0.80762076,9.18035300925926,236.7011375061855
2024-08-20,2,718,0.79591185,0.8105189,11,11,33049.270833333336,0.7650196,0.7600178,9.18035300925926,78.2105001055873
2024-08-21,0,1532,0.6343885,0.58671117,11,11,33048.854166666664,0.65456796,0.6529006,9.180237268518518,166.88021836359684
2024-08-21,1,4812,0.8209486,0.8620542,11,11,33048.854166666664,0.7744275,0.8023294,9.180237268518518,524.1694587243003
2024-08-21,2,1784,0.7405226,0.7264911,11,11,33048.854166666664,0.7183518,0.7277046,9.180237268518518,194.3304892693582
2024-08-22,0,2580,0.596304,0.56245816,11,11,33048.958333333336,0.6093615,0.6016399,9.180266203703704,281.0376020424244
2024-08-22,1,5665,0.82466763,0.8669966,11,11,33048.958333333336,0.7940142,0.7982926,9.180266203703704,617.0845021590443
2024-08-22,2,1503,0.7120999,0.6926223,11,11,33048.958333333336,0.7099444,0.71559894,9.180266203703704,163.7207425851798
2024-08-23,0,355,0.62887174,0.57536066,10,10,30044.166666666668,0.6752571,0.66844404,8.345601851851852,42.537375530469035
2024-08-23,1,2925,0.82534903,0.86932474,11,11,33048.541666666664,0.7952446,0.8093117,9.180150462962962,318.6222286661666
2024-08-23,2,578,0.77331144,0.7622465,11,11,33048.541666666664,0.7319334,0.69193846,9.180150462962962,62.96193099796386
2024-08-24,0,610,0.6391738,0.5640094,11,11,33049.166666666664,0.635592,0.6095146,9.180324074074074,66.44645603772157
2024-08-24,1,2480,0.82809013,0.86963797,11,11,33049.166666666664,0.8049629,0.8275698,9.180324074074074,270.14296880909757
2024-08-24,2,710,0.80767673,0.8574894,11,11,33049.166666666664,0.7734381,0.74446136,9.180324074074074,77.3393176832497
2024-08-25,0,1843,0.61735696,0.5839415,11,11,33050.625,0.6895624,0.64720565,9.180729166666667,200.7465819481477
2024-08-25,1,2287,0.84556204,0.88185066,11,11,33050.625,0.8233109,0.82421786,9.180729166666667,249.10875361661087
2024-08-25,2,887,0.7886028,0.80836165,11,11,33050.625,0.772727,0.80169284,9.180729166666667,96.6154195268622
2024-08-26,0,383,0.71565914,0.63945055,11,11,33051.25,0.6872183,0.70921373,9.180902777777778,41.71703036950191
2024-08-26,1,3014,0.84257716,0.881774,11,11,33051.25,0.8129392,0.8401098,9.180902777777778,328.2901554404145
2024-08-26,2,600,0.85624033,0.9304124,11,11,33051.25,0.812598,0.85274327,9.180902777777778,65.35305018720926
2024-08-27,0,704,0.6285189,0.58101726,11,11,33049.583333333336,0.63344693,0.6233412,9.180439814814816,76.68477918279352
2024-08-27,1,2376,0.8313693,0.8755926,11,11,33049.583333333336,0.80381066,0.8280862,9.180439814814816,258.81112974192814
2024-08-27,2,818,0.828957,0.8806647,11,11,33049.583333333336,0.805365,0.86165535,9.180439814814816,89.10248490273452
2024-08-28,0,649,0.61981344,0.5694802,11,11,33049.270833333336,0.66395444,0.60270965,9.18035300925926,70.69444925978573
2024-08-28,1,3183,0.8373878,0.8787067,11,11,33049.270833333336,0.809745,0.8323976,9.18035300925926,346.71869336502
2024-08-28,2,572,0.845016,0.90896094,11,11,33049.270833333336,0.7921388,0.81876683,9.18035300925926,62.306972228963694
2024-08-29,0,950,0.58220273,0.551036,10,10,30045.0,0.5854488,0.5781468,8.345833333333333,113.82925611582627
2024-08-29,1,3040,0.8290149,0.8654715,11,11,33049.375,0.81835437,0.82251894,9.180381944444445,331.1409065980824
2024-08-29,2,700,0.81422126,0.85520184,11,11,33049.375,0.77614,0.81270033,9.180381944444445,76.24955086140055
2024-08-30,0,534,0.63124603,0.57593954,11,11,33048.541666666664,0.6466009,0.6218111,9.180150462962962,58.16898123341298
2024-08-30,1,2305,0.8173711,0.86162496,11,11,33048.541666666664,0.76340777,0.72563,9.180150462962962,251.08520925658598
2024-08-30,2,581,0.7980863,0.84142625,11,11,33048.541666666664,0.72866154,0.7378319,9.180150462962962,63.28872302736506
2024-08-31,0,1171,0.60606205,0.56862086,11,11,33048.541666666664,0.61069876,0.5988158,9.180150462962962,127.55782214293372
2024-08-31,1,2281,0.83066577,0.88263655,11,11,33048.541666666664,0.7964903,0.8243357,9.180150462962962,248.47087302137643
2024-08-31,2,883,0.8077761,0.8529694,11,11,33048.541666666664,0.7568001,0.77507174,9.180150462962962,96.18578732041884
2024-09-01,0,1976,0.62250644,0.57334036,11,11,33060.0,0.6717168,0.62715054,9.183333333333334,215.17241379310343
2024-09-01,1,4929,0.86280566,0.9017377,11,11,33060.0,0.819277,0.8505117,9.183333333333334,536.7332123411978
2024-09-01,2,1101,0.82210433,0.8835756,11,11,33060.0,0.80052036,0.8161253,9.183333333333334,119.89110707803992
2024-09-02,0,917,0.585373,0.5448663,11,11,33048.645833333336,0.5867875,0.5756974,9.180179398148148,99.88911547686963
2024-09-02,1,2436,0.8410503,0.8791953,11,11,33048.645833333336,0.77442193,0.8063988,9.180179398148148,265.35429149580636
2024-09-02,2,359,0.8124444,0.8707192,9,9,27039.791666666668,0.80613303,0.8091487,7.511053240740741,47.79622624064843
2024-09-03,0,1948,0.58193463,0.5533089,11,11,33048.854166666664,0.5855881,0.592929,9.180237268518518,212.19495128739337
2024-09-03,1,1786,0.8108986,0.8497126,11,11,33048.854166666664,0.76405644,0.7994508,9.180237268518518,194.54834856226105
2024-09-03,2,445,0.7976731,0.83441406,9,9,27039.479166666668,0.7464065,0.755778,7.5109664351851855,59.246703315753585
2024-09-04,0,677,0.6257319,0.58078736,11,11,33048.4375,0.6335412,0.600349,9.180121527777779,73.74630041132806
2024-09-04,1,3384,0.8469661,0.885008,11,11,33048.4375,0.7886232,0.7963607,9.180121527777779,368.6225710368304
2024-09-04,2,746,0.80086976,0.8321588,10,10,30044.270833333332,0.7491821,0.7388861,8.345630787037036,89.38809049146226
2024-09-05,0,1257,0.59905493,0.56517905,11,11,33049.6875,0.60200334,0.6061014,9.18046875,136.92111309675772
2024-09-05,1,2150,0.8264748,0.86563826,11,11,33049.6875,0.77732885,0.813721,9.18046875,234.19283465237004
2024-09-05,2,565,0.78187823,0.7971321,8,8,24036.25,0.7695751,0.7885985,6.676736111111111,84.62218524104217
2024-09-06,0,30312,0.68494695,0.67752445,11,11,33051.5625,0.6500049,0.63400215,9.180989583333334,3301.604878740604
2024-09-06,1,10587,0.7404183,0.73461735,11,11,33051.5625,0.7316343,0.76367867,9.180989583333334,1153.1436675648843
2024-09-06,2,1297,0.7239343,0.6791237,8,8,24038.4375,0.710848,0.70780265,6.67734375,194.23891423891422
2024-09-07,0,47952,0.71004534,0.7042531,11,11,33049.791666666664,0.7007375,0.68640643,9.180497685185184,5223.246238314665
2024-09-07,1,32012,0.6861153,0.6658741,11,11,33049.791666666664,0.68158317,0.68868923,9.180497685185184,3486.956927363385
2024-09-07,2,21413,0.68930584,0.68033147,10,10,30045.3125,0.6766051,0.686643,8.34592013888889,2565.684746996724
2024-09-08,0,31137,0.6775859,0.660293,11,11,33049.791666666664,0.6748043,0.67764,9.180497685185184,3391.646190407151
2024-09-08,1,23812,0.7093636,0.69271815,11,11,33049.791666666664,0.7198093,0.7262457,9.180497685185184,2593.759163887821
2024-09-08,2,13156,0.703275,0.70105785,9,9,27041.041666666668,0.6748669,0.69362575,7.511400462962963,1751.4709893140828
2024-09-09,0,49157,0.70267665,0.6942154,11,11,33050.0,0.6922428,0.68562216,9.180555555555555,5354.468986384267
2024-09-09,1,28243,0.6788519,0.6579123,11,11,33050.0,0.6735746,0.66757226,9.180555555555555,3076.393343419062
2024-09-09,2,5315,0.70965815,0.71043056,10,10,30045.520833333332,0.68601763,0.6819732,8.345978009259259,636.8336933195118
2024-09-10,0,43915,0.6897687,0.6744162,11,11,33049.166666666664,0.6833666,0.6808343,9.180324074074074,4783.600191633677
2024-09-10,1,28533,0.67884356,0.655801,11,11,33049.166666666664,0.67564136,0.6704351,9.180324074074074,3108.0602133185407
2024-09-10,2,3082,0.6857651,0.67169094,11,11,33049.166666666664,0.66413873,0.65815413,9.180324074074074,335.7179959151769
2024-09-11,0,28469,0.6675288,0.64668304,10,10,28731.770833333332,0.66678756,0.6677394,7.981047453703703,3567.0756457899033
2024-09-11,1,21716,0.6834911,0.66248393,10,10,28746.770833333332,0.6787709,0.67736155,7.98521412037037,2719.5263236088113
2024-09-11,2,35748,0.69697237,0.6909559,10,10,28746.770833333332,0.6934048,0.6916791,7.98521412037037,4476.774130427693
2024-09-12,0,19836,0.6678501,0.6426687,9,9,27010.520833333332,0.6656747,0.6678936,7.502922453703704,2643.769827343512
2024-09-12,1,17130,0.6897075,0.6638906,9,9,27010.520833333332,0.6862195,0.6828958,7.502922453703704,2283.1103620888466
2024-09-12,2,19334,0.6771553,0.66185665,9,9,27010.520833333332,0.6632434,0.67467767,7.502922453703704,2576.8625651270145
2024-09-13,0,36005,0.676307,0.6539504,11,11,33049.791666666664,0.6731067,0.6747338,9.180497685185184,3921.9006675533765
2024-09-13,1,27893,0.6845514,0.65982753,11,11,33049.791666666664,0.68319094,0.6833429,9.180497685185184,3038.2884410516963
2024-09-13,2,19935,0.6879377,0.67587996,11,11,33049.791666666664,0.6736504,0.6871765,9.180497685185184,2171.4509042543136
2024-09-14,0,22269,0.6687237,0.64470506,11,11,33049.270833333336,0.66380465,0.6655966,9.18035300925926,2425.7237142776094
2024-09-14,1,26237,0.6917272,0.6698148,11,11,33049.270833333336,0.6881597,0.6852922,9.18035300925926,2857.951102047763
2024-09-14,2,31497,0.6842621,0.671708,11,11,33049.270833333336,0.69210917,0.68390983,9.18035300925926,3430.913818698723
2024-09-15,0,11410,0.6524262,0.6240214,11,11,33049.6875,0.6508789,0.6451452,9.18046875,1242.8559271551358
2024-09-15,1,19227,0.6888114,0.664703,11,11,33049.6875,0.68473834,0.68108577,9.18046875,2094.337503191218
2024-09-15,2,15053,0.6816103,0.6678456,11,11,33049.6875,0.6670029,0.67659724,9.18046875,1639.6766232661053
2024-09-16,0,39225,0.6964799,0.68488276,11,11,33048.020833333336,0.6864879,0.6810244,9.180005787037038,4272.87312339052
2024-09-16,1,30199,0.68094844,0.6606756,11,11,33048.020833333336,0.6790742,0.68357813,9.180005787037038,3289.6493423395877
2024-09-16,2,37279,0.70251006,0.69691867,11,11,33048.020833333336,0.6914542,0.6835908,9.180005787037038,4060.890686217341
2024-09-17,0,50322,0.69892704,0.6897538,11,11,33050.729166666664,0.6922162,0.70021266,9.18075810185185,5481.246694632936
2024-09-17,1,38205,0.69305193,0.6788158,11,11,33050.729166666664,0.6907125,0.6830249,9.18075810185185,4161.421047821059
2024-09-17,2,44099,0.7050246,0.7008289,11,11,33050.729166666664,0.69776535,0.68672204,9.18075810185185,4803.415960943878
2024-09-18,0,45247,0.6955125,0.6853062,11,11,33050.729166666664,0.6899231,0.6853564,9.18075810185185,4928.460100792028
2024-09-18,1,36153,0.6936935,0.6800881,11,11,33050.729166666664,0.6916683,0.68371564,9.18075810185185,3937.9100940158287
2024-09-18,2,45321,0.7005994,0.69543314,10,10,30044.791666666668,0.69667995,0.69130087,8.345775462962964,5430.412093055507
2024-09-19,0,5812,0.67635584,0.6537189,10,10,29498.4375,0.6823124,0.6793401,8.194010416666666,709.2985857301765
2024-09-19,1,11587,0.7740523,0.7963739,10,10,29498.4375,0.7759749,0.76360106,8.194010416666666,1414.081678054982
2024-09-19,2,9382,0.7589219,0.7794803,10,10,29498.4375,0.7238326,0.72579104,8.194010416666666,1144.9826791673288
2024-09-20,0,30663,0.68718904,0.67326546,11,11,31800.520833333332,0.69106126,0.6917029,8.83347800925926,3471.2261657140048
2024-09-20,1,20906,0.6950566,0.673547,11,11,31800.520833333332,0.7053621,0.68968505,8.83347800925926,2366.678218713661
2024-09-20,2,29313,0.6865635,0.6776221,11,11,31800.520833333332,0.6968242,0.6791131,8.83347800925926,3318.398480108751
2024-09-21,0,1774,0.69818264,0.6849815,11,11,29720.416666666668,0.6824957,0.68068284,8.255671296296297,214.88258632533748
2024-09-21,1,4995,0.83283824,0.8746748,11,11,29720.416666666668,0.7858906,0.8061645,8.255671296296297,605.0386238416352
2024-09-21,2,1583,0.7268946,0.70816433,11,11,29720.326270833335,0.69057393,0.6738269,8.255646186342593,191.7475584913964
2024-09-22,0,4045,0.7640507,0.76887244,11,11,33048.333333333336,0.7373756,0.71976465,9.180092592592594,440.627363961874
2024-09-22,1,5433,0.81692696,0.86892563,11,11,33048.333333333336,0.7968306,0.82015157,9.180092592592594,591.8240960209793
2024-09-22,2,4002,0.7781116,0.7910264,10,10,30044.0625,0.7697367,0.7704148,8.345572916666667,479.5356819671108
2024-09-23,0,2688,0.7072061,0.7010579,11,11,33048.958333333336,0.6887126,0.68396866,9.180266203703704,292.80196677908407
2024-09-23,1,4120,0.7875818,0.8199634,11,11,33048.958333333336,0.74675786,0.74134004,9.180266203703704,448.78872884294134
2024-09-23,2,2709,0.72038144,0.71111757,10,10,30043.854166666668,0.70825976,0.71153235,8.345515046296297,324.6054898915127
2024-09-24,0,3049,0.6851277,0.665004,11,11,33048.125,0.6815495,0.6889333,9.180034722222222,332.13381999735236
2024-09-24,1,4458,0.8131748,0.8568088,11,11,33048.125,0.76612717,0.73112434,9.180034722222222,485.61907823817535
2024-09-24,2,2499,0.7287883,0.7164807,11,11,33048.125,0.70342016,0.71528506,9.180034722222222,272.2211925790041
2024-09-25,0,3013,0.70649725,0.6917042,11,11,33050.208333333336,0.68728846,0.6770093,9.180613425925927,328.1915772089182
2024-09-25,1,3974,0.8114522,0.8524878,11,11,33050.208333333336,0.7646061,0.7773152,9.180613425925927,432.86867833662166
2024-09-25,2,2252,0.7494913,0.7481451,10,10,30045.729166666668,0.73558146,0.7347323,8.34603587962963,269.82869861565183
2024-09-26,0,4391,0.6551927,0.62196594,11,11,33050.833333333336,0.6580526,0.65985703,9.180787037037037,478.2814351630065
2024-09-26,1,4086,0.8104711,0.85272014,11,11,33050.833333333336,0.7576341,0.7677961,9.180787037037037,445.0598825042233
2024-09-26,2,104,0.78352994,0.78911734,4,4,12018.958333333332,0.6967042,0.6819033,3.3385995370370365,31.150786084484587
2024-09-27,0,4109,0.6792884,0.6510081,11,11,33049.791666666664,0.68609524,0.676972,9.180497685185184,447.57922074647473
2024-09-27,1,4134,0.81160384,0.8540311,11,11,33049.791666666664,0.77861863,0.8118473,9.180497685185184,450.30238465951004
2024-09-27,2,133,0.7322305,0.7312178,5,5,15022.291666666668,0.6600725,0.6693032,4.172858796296296,31.87263372488108
2024-09-28,0,2920,0.691772,0.67332137,11,11,33049.375,0.6733064,0.6725686,9.180381944444445,318.0695550218423
2024-09-28,1,4632,0.82033145,0.86706686,11,11,33049.375,0.7683211,0.761912,9.180381944444445,504.5541708428677
2024-09-28,2,1407,0.72381836,0.7130273,7,7,21030.520833333332,0.6758444,0.7102467,5.841811342592592,240.8499551742755
2024-09-29,0,3758,0.7065108,0.69809115,11,11,33050.625,0.70670545,0.7000016,9.180729166666667,409.33567822091106
2024-09-29,1,5435,0.8217492,0.86716694,11,11,33050.625,0.7889013,0.77046686,9.180729166666667,592.0009076984171
2024-09-29,2,46,0.7721677,0.76506877,3,3,9014.0625,0.64085776,0.60261005,2.50390625,18.371294851794072
2024-09-30,0,5145,0.698591,0.68838483,11,11,33049.166666666664,0.69339013,0.7056723,9.180324074074074,560.4377316624222
2024-09-30,1,4153,0.78550136,0.8164202,11,11,33049.166666666664,0.7678986,0.76262695,9.180324074074074,452.38054413878314
2024-09-30,2,196,0.72350866,0.725403,7,7,21031.666666666668,0.6311078,0.59625065,5.84212962962963,33.54940962041366
2024-10-01,0,4399,0.7069817,0.70328903,11,11,33047.708333333336,0.69562125,0.6796142,9.179918981481482,479.19812896759106
2024-10-01,1,4850,0.80808157,0.8482079,11,11,33047.708333333336,0.7903109,0.80857956,9.179918981481482,528.3271028626543
2024-10-01,2,85,0.74199367,0.7122746,4,4,12017.395833333334,0.6712004,0.68756384,3.3381655092592593,25.463087364671008
2024-10-02,0,4190,0.7121198,0.7130964,11,11,33049.270833333336,0.7000031,0.70407224,9.18035300925926,456.4094644044718
2024-10-02,1,4055,0.8154912,0.8624573,11,11,33049.270833333336,0.7904729,0.80935055,9.18035300925926,441.70414753225134
2024-10-02,2,3,0.65120155,0.55184245,2,2,6008.541666666666,0.6263617,0.6263617,1.6690393518518516,1.797441142817517
2024-10-03,0,2905,0.7041173,0.6978283,11,11,33049.375,0.70292205,0.7014008,9.180381944444445,316.4356360748123
2024-10-03,1,4606,0.8281865,0.8792956,11,11,33049.375,0.7985578,0.7839646,9.180381944444445,501.72204466801566
2024-10-03,2,12,0.758281,0.74190426,5,5,15021.979166666668,0.6904158,0.65845627,4.172771990740741,2.875786174424974
2024-10-04,0,3290,0.709674,0.69842225,11,11,33049.375,0.71221125,0.71425414,9.180381944444445,358.3728890485826
2024-10-04,1,5656,0.8285249,0.87081504,11,11,33049.375,0.7968296,0.80702454,9.180381944444445,616.0963709601165
2024-10-04,2,2,0.68655324,0.68655324,2,2,6010.0,0.68655324,0.68655324,1.6694444444444445,1.1980033277870217
2024-10-05,0,2622,0.70837957,0.69122064,11,11,33048.854166666664,0.7069498,0.71572,9.180237268518518,285.61353299565985
2024-10-05,1,4816,0.8409003,0.89028835,11,11,33048.854166666664,0.798793,0.8000973,9.180237268518518,524.605177310106
2024-10-05,2,2,0.5626315,0.5626315,2,2,6009.270833333333,0.5626315,0.5626315,1.669241898148148,1.198148693858448
2024-10-06,0,4230,0.7425331,0.75481427,11,11,33050.520833333336,0.7039977,0.7065956,9.180700231481483,460.7491687284302
2024-10-06,1,5595,0.86951476,0.9230366,11,11,33050.520833333336,0.82051086,0.8404646,9.180700231481483,609.430638069874
2024-10-07,0,3791,0.71375656,0.7114293,11,11,33055.833333333336,0.6998711,0.7047748,9.182175925925927,412.86510197393295
2024-10-07,1,5465,0.8142125,0.85584176,11,11,33055.833333333336,0.7935722,0.7992126,9.182175925925927,595.1748304636095
2024-10-07,2,1,0.50108683,0.50108683,1,1,3004.6875,0.50108683,0.50108683,0.8346354166666666,1.1981279251170047
2024-10-08,0,4446,0.74418277,0.75579005,10,10,28159.693104166665,0.7227238,0.7420182,7.822136973379629,568.3868762629278
2024-10-08,1,5759,0.82742584,0.8779269,10,10,28159.693104166665,0.8101894,0.80534923,7.822136973379629,736.2438192528568
2024-10-08,2,3,0.58025724,0.56612927,2,2,5415.416666666666,0.57672524,0.57672524,1.5042824074074073,1.9943063783950143
2024-10-09,0,4173,0.7175767,0.71640044,11,11,32460.729166666668,0.70998627,0.69940877,9.016869212962963,462.7992157189938
2024-10-09,1,5240,0.8106666,0.85342765,11,11,32460.729166666668,0.79374003,0.8017873,9.016869212962963,581.132971571418
2024-10-09,2,237,0.73731786,0.7202563,5,5,15020.729166666666,0.64449024,0.6536303,4.1724247685185185,56.80150347783272
2024-10-10,0,1961,0.71489435,0.7064243,11,11,33048.645833333336,0.7202598,0.69553053,9.180179398148148,213.61238326078666
2024-10-10,1,5241,0.8595564,0.9049142,11,11,33048.645833333336,0.819319,0.8295066,9.180179398148148,570.9038759152386
2024-10-10,2,391,0.79635096,0.82057774,7,7,21030.625,0.7246905,0.7433549,5.841840277777778,66.93096377306904
2024-10-11,0,1475,0.6607813,0.6084876,11,11,33050.104166666664,0.7207842,0.72437847,9.18058449074074,160.66515171094395
2024-10-11,1,3800,0.8492779,0.8810835,11,11,33050.104166666664,0.8323067,0.84344494,9.18058449074074,413.9170010180251
2024-10-11,2,822,0.8070828,0.8352233,11,11,33050.104166666664,0.79495454,0.79235476,9.18058449074074,89.53678285179384
2024-10-12,0,969,0.7126585,0.684059,11,11,33051.25,0.7294973,0.70088315,9.180902777777778,105.54517605234295
2024-10-12,1,4036,0.8602298,0.89824307,11,11,33051.25,0.7905149,0.8369337,9.180902777777778,439.60818425929426
2024-10-12,2,800,0.76888764,0.77787864,11,11,33051.25,0.76359755,0.745652,9.180902777777778,87.13740024961234
2024-10-13,0,2012,0.68913394,0.6304774,11,11,33051.5625,0.7002714,0.66920173,9.180989583333334,219.14848957594666
2024-10-13,1,4389,0.8663517,0.8996382,11,11,33051.5625,0.81655157,0.83035874,9.180989583333334,478.0530421216848
2024-10-13,2,1442,0.8122506,0.8477052,11,11,33051.5625,0.77744734,0.7646053,9.180989583333334,157.0636789107928
2024-10-14,0,1050,0.6874483,0.61304235,11,11,33050.0,0.6838694,0.70510644,9.180555555555555,114.37216338880485
2024-10-14,1,5875,0.824456,0.8779456,11,11,33050.0,0.8010517,0.82658356,9.180555555555555,639.9394856278366
2024-10-14,2,2265,0.6901005,0.6653146,11,11,33050.0,0.75044805,0.7799075,9.180555555555555,246.71709531013616
2024-10-15,0,796,0.72253335,0.6682478,11,11,33048.75,0.72815204,0.71837693,9.180208333333333,86.70827187109951
2024-10-15,1,3605,0.8442658,0.8768299,11,11,33048.75,0.80186087,0.8176928,9.180208333333333,392.69261318506756
2024-10-15,2,775,0.79929286,0.83688945,11,11,33048.75,0.7706702,0.75643486,9.180208333333333,84.42074208555543
2024-10-16,0,1770,0.6514769,0.59177506,11,11,33047.5,0.65403515,0.6405339,9.17986111111111,192.8133746879492
2024-10-16,1,3837,0.85652107,0.8946612,11,11,33047.5,0.7953603,0.83289915,9.17986111111111,417.98018004387626
2024-10-16,2,226,0.71296245,0.7063426,4,4,12017.708333333332,0.6994507,0.7171761,3.3382523148148144,67.70009534541043
2024-10-17,0,1334,0.6251245,0.5737244,11,11,33048.645833333336,0.65442747,0.6606421,9.180179398148148,145.31306439056064
2024-10-17,1,3102,0.85180044,0.8948933,11,11,33048.645833333336,0.8015576,0.8372739,9.180179398148148,337.9018933579603
2024-10-17,2,45,0.6944123,0.64198893,3,3,9013.854166666668,0.636697,0.6172394,2.50384837962963,17.972334253984027
2024-10-18,0,1153,0.7073501,0.6365067,11,11,33049.6875,0.6812092,0.6125639,9.18046875,125.59271551357332
2024-10-18,1,2846,0.8543892,0.90317905,11,11,33049.6875,0.80403864,0.80894536,9.18046875,310.00595693983496
2024-10-18,2,5,0.9562267,0.99970144,1,1,3004.5833333333335,0.9562267,0.9562267,0.8346064814814815,5.990847316599639
2024-10-19,0,1587,0.67664677,0.61539936,11,11,33047.8125,0.69763213,0.66075975,9.179947916666666,172.8767978213384
2024-10-19,1,3786,0.8644285,0.9018506,11,11,33047.8125,0.80322206,0.84545505,9.179947916666666,412.4206405492043
2024-10-19,2,4,0.6234611,0.5596611,3,3,9013.020833333334,0.6486617,0.54785943,2.5036168981481484,1.597688529326784
2024-10-20,0,1002,0.7068294,0.6478436,11,11,33048.541666666664,0.69288605,0.65223104,9.180150462962962,109.14853781999963
2024-10-20,1,4147,0.87282366,0.90731,11,11,33048.541666666664,0.82443297,0.84949446,9.180150462962962,451.73551530892064
2024-10-20,2,893,0.82555604,0.8796092,9,9,27040.0,0.8148735,0.81791323,7.511111111111111,118.8905325443787
2024-10-21,0,1189,0.646361,0.5852292,11,11,33049.270833333336,0.6572303,0.64624727,9.18035300925926,129.51571674866753
2024-10-21,1,2525,0.8511552,0.8959448,11,11,33049.270833333336,0.8038275,0.8410541,9.18035300925926,275.04388964708625
2024-10-21,2,773,0.7658741,0.74830914,10,10,30044.479166666668,0.70951724,0.7559325,8.345688657407408,92.62267402150285
2024-10-22,0,3866,0.6375318,0.5893278,10,10,30044.791666666668,0.6412975,0.6282594,8.345775462962964,463.228374302257
2024-10-22,1,2050,0.8217411,0.86792517,11,11,33049.895833333336,0.7610046,0.7819431,9.18052662037037,223.29873707367963
2024-10-22,2,1587,0.82830876,0.8804601,11,11,33049.895833333336,0.7639933,0.79618704,9.18052662037037,172.86590035899005
2024-10-23,0,1235,0.66410786,0.6134115,10,10,30044.479166666668,0.6615504,0.64117914,8.345688657407408,147.98059821029238
2024-10-23,1,2305,0.80357385,0.8417327,11,11,33048.854166666664,0.71395373,0.735484,9.180237268518518,251.0828350705553
2024-10-23,2,1343,0.7506677,0.72569156,11,11,33048.854166666664,0.7109988,0.7090169,9.180237268518518,146.29251518427583
2024-10-24,0,6060,0.61109984,0.595551,11,11,33048.020833333336,0.61951166,0.6185481,9.180005787037038,660.1303028106196
2024-10-24,1,4168,0.73686755,0.71677864,11,11,33048.020833333336,0.68964165,0.66012895,9.180005787037038,454.0302148704063
2024-10-24,2,1509,0.69207346,0.6621148,11,11,33048.020833333336,0.6713491,0.68614334,9.180005787037038,164.37898134343646
2024-10-25,0,2301,0.6497193,0.597963,11,11,33049.791666666664,0.64009243,0.60841924,9.180497685185184,250.640006555765
2024-10-25,1,2198,0.832072,0.8843513,11,11,33049.791666666664,0.77367055,0.8321201,9.180497685185184,239.42057123405974
2024-10-25,2,1104,0.75198174,0.73557293,9,9,27040.520833333336,0.7158822,0.7101734,7.511255787037038,146.97941746376
2024-10-26,0,1942,0.6454071,0.5862291,11,11,33050.208333333336,0.6232607,0.64601105,9.180613425925927,211.53270592091576
2024-10-26,1,2201,0.8660127,0.9207776,11,11,33050.208333333336,0.7693678,0.7621786,9.180613425925927,239.74432838925622
2024-10-26,2,863,0.79317737,0.8120515,9,9,27041.25,0.7593423,0.7579965,7.511458333333334,114.8911385383442
2024-10-27,0,843,0.74937415,0.7277626,11,11,33049.0625,0.73223615,0.7453026,9.180295138888889,91.82711309889653
2024-10-27,1,2261,0.90907073,0.95137346,11,11,33049.0625,0.81495136,0.8515264,9.180295138888889,246.28837807426459
2024-10-27,2,199,0.7717025,0.7745289,6,6,18025.729166666668,0.6939407,0.723034,5.007146990740741,39.74319115615989
2024-10-28,0,1755,0.67931455,0.6038711,10,10,30045.625,0.6617669,0.6286547,8.346006944444444,210.28019886422734
2024-10-28,1,3706,0.8697787,0.8997084,11,11,33050.208333333336,0.8019453,0.86031514,9.180613425925927,403.67672921880217
2024-10-28,2,230,0.79501796,0.8220568,7,7,21032.5,0.70835894,0.7383989,5.842361111111111,39.36764531082848
2024-10-29,0,1070,0.67072034,0.593997,10,10,30045.104166666668,0.699734,0.6898272,8.345862268518518,128.20724397000345
2024-10-29,1,2992,0.8808139,0.9231428,11,11,33049.583333333336,0.7804091,0.85865164,9.180439814814816,325.9103115268725
2024-10-29,2,102,0.8069256,0.8221462,7,7,21031.25,0.73832023,0.7576033,5.842013888888889,17.45973254086181
2024-10-30,0,1906,0.6215673,0.57195795,11,11,33049.479166666664,0.631386,0.6058846,9.18041087962963,207.6159798282247
2024-10-30,1,2269,0.8780211,0.93112206,11,11,33049.479166666664,0.76875097,0.8331161,9.18041087962963,247.156693719959
2024-10-30,2,193,0.79026943,0.8229338,6,6,18027.291666666668,0.71594304,0.7425176,5.007581018518519,38.54156313922178
2024-10-31,0,1325,0.6930003,0.6082454,11,11,33050.729166666664,0.69336045,0.66920227,9.18075810185185,144.3235934658527
2024-10-31,1,2605,0.8863882,0.92726177,11,11,33050.729166666664,0.77218306,0.8626274,9.18075810185185,283.74563092720473
2024-10-31,2,448,0.8414729,0.9091671,10,10,30046.458333333332,0.74527436,0.79511213,8.346238425925925,53.67687539435458
2024-11-01,0,3921,0.64244896,0.595037,11,11,33048.4375,0.6312942,0.61690754,9.180121527777779,427.1185286747671
2024-11-01,1,3137,0.881632,0.94476384,11,11,33048.4375,0.80224633,0.8652603,9.180121527777779,341.71660914377566
2024-11-01,2,1273,0.8260264,0.87390137,11,11,33048.4375,0.74138373,0.7640661,9.180121527777779,138.66918821805115
2024-11-02,0,3492,0.6290072,0.59811854,11,11,33050.9375,0.6493214,0.6243611,9.180815972222222,380.3583483827047
2024-11-02,1,2741,0.83103216,0.9032246,11,11,33050.9375,0.71625304,0.6638099,9.180815972222222,298.557340468784
2024-11-02,2,1286,0.72872585,0.71417964,11,11,33050.9375,0.68379056,0.6601378,9.180815972222222,140.0746953093237
2024-11-03,0,1744,0.74966073,0.7413224,11,11,33048.333333333336,0.7126609,0.6096192,9.180092592592594,189.97629734227644
2024-11-03,1,1860,0.8931569,0.9509245,11,11,33048.333333333336,0.7655556,0.6993358,9.180092592592594,202.61233546825355
2024-11-03,2,973,0.87632626,0.94687724,9,9,27039.791666666668,0.7690886,0.703347,7.511053240740741,129.54241819540647
2024-11-04,0,2289,0.6587959,0.60173297,11,11,33050.416666666664,0.69586176,0.6670172,9.180671296296296,249.32817286721044
2024-11-04,1,2462,0.8681021,0.91557896,11,11,33050.416666666664,0.81662387,0.86657006,9.180671296296296,268.17211079033297
2024-11-04,2,1117,0.8053444,0.8342052,11,11,33050.416666666664,0.76943403,0.80002546,9.180671296296296,121.6686627753054
2024-11-05,0,1987,0.6351598,0.57961696,11,11,33048.75,0.6574152,0.6263625,9.180208333333333,216.44388970838534
2024-11-05,1,2277,0.8645038,0.92185503,10,10,30044.166666666668,0.7692107,0.71967137,8.345601851851852,272.8383213602197
2024-11-05,2,916,0.8072186,0.84019196,11,11,33048.75,0.78550506,0.7962887,9.180208333333333,99.77987064563713
2024-11-06,0,1456,0.6622911,0.59064853,11,11,33050.625,0.66933876,0.6502161,9.180729166666667,158.59306745333862
2024-11-06,1,2879,0.87961924,0.9251138,11,11,33050.625,0.777381,0.81441706,9.180729166666667,313.5916491745617
2024-11-06,2,992,0.81456745,0.86898565,11,11,33050.625,0.72107065,0.77597946,9.180729166666667,108.05241958359335
2024-11-07,0,1164,0.7113206,0.6337158,11,11,33049.6875,0.727184,0.75846213,9.18046875,126.79091141179475
2024-11-07,1,2273,0.8615279,0.9186236,11,11,33049.6875,0.76072526,0.73683286,9.18046875,247.59084333248236
2024-11-07,2,1181,0.8316726,0.90417546,11,11,33049.6875,0.77942145,0.7915531,9.18046875,128.64266870904603
2024-11-08,0,2982,0.66728175,0.59000206,11,11,33048.333333333336,0.669052,0.62921154,9.180092592592594,324.83332492813554
2024-11-08,1,2545,0.86329085,0.92859256,11,11,33048.333333333336,0.79314095,0.85582376,9.180092592592594,277.2303192294114
2024-11-08,2,1825,0.84002674,0.9160505,11,11,33048.333333333336,0.76404756,0.8014245,9.180092592592594,198.7997377578294
2024-11-09,0,2692,0.65402347,0.59738195,11,11,33048.75,0.6629741,0.6222242,9.180208333333333,293.23953250879384
2024-11-09,1,2243,0.8601501,0.91846037,11,11,33048.75,0.7745208,0.8209636,9.180208333333333,244.3299670940656
2024-11-09,2,1414,0.7748405,0.77562857,11,11,33048.75,0.7242271,0.745713,9.180208333333333,154.02700555996825
2024-11-10,0,2287,0.7624937,0.7653059,11,11,33049.791666666664,0.73904586,0.74476254,9.180497685185184,249.11503476446526
2024-11-10,1,3137,0.8717076,0.93587667,11,11,33049.791666666664,0.770826,0.8448096,9.180497685185184,341.702607807664
2024-11-10,2,1480,0.8296764,0.8772509,11,11,33049.791666666664,0.7612695,0.8003431,9.180497685185184,161.2113036516872
2024-11-11,0,2352,0.6202798,0.577145,11,11,33049.791666666664,0.630707,0.6103994,9.180497685185184,256.1952609383569
2024-11-11,1,1611,0.848085,0.9025348,11,11,33049.791666666664,0.75882965,0.75847244,9.180497685185184,175.48068255599193
2024-11-11,2,1009,0.74950814,0.73367286,11,11,33049.791666666664,0.7101071,0.6910108,9.180497685185184,109.90689553010296
2024-11-12,0,526,0.8123985,0.8914982,11,11,33050.625,0.74417394,0.7402296,9.180729166666667,57.29392409371986
2024-11-12,1,2593,0.9111609,0.9548526,11,11,33050.625,0.83218175,0.88621,9.180729166666667,282.43943949622735
2024-11-12,2,827,0.8597403,0.94693786,11,11,33050.625,0.76762176,0.80651337,9.180729166666667,90.07999092301581
2024-11-13,0,1292,0.76054275,0.7366102,11,11,33050.208333333336,0.7147685,0.69560045,9.180613425925927,140.73133679187598
2024-11-13,1,2157,0.8956874,0.9495666,11,11,33050.208333333336,0.79075944,0.80481666,9.180613425925927,234.95162032513662
2024-11-13,2,1347,0.8909083,0.9758906,11,11,33050.208333333336,0.7851805,0.8250265,9.180613425925927,146.7222218720255
2024-11-14,0,365,0.75425214,0.73928595,11,11,33050.208333333336,0.7182312,0.71103156,9.180613425925927,39.75769189553772
2024-11-14,1,2355,0.88006216,0.92668045,11,11,33050.208333333336,0.7903281,0.79202104,9.180613425925927,256.5188066136749
2024-11-14,2,665,0.7852079,0.80780643,11,11,33050.208333333336,0.7560906,0.75044066,9.180613425925927,72.43524687817147
2024-11-15,0,953,0.704851,0.65213877,11,11,33050.104166666664,0.67744714,0.6906644,9.18058449074074,103.80602683425734
2024-11-15,1,1968,0.8443969,0.8924984,11,11,33050.104166666664,0.7780702,0.77727693,9.18058449074074,214.3654363167035
2024-11-15,2,1153,0.7950983,0.81188005,11,11,33050.104166666664,0.72891736,0.7342929,9.18058449074074,125.59113215099549
2024-11-16,0,2097,0.6622237,0.5839793,11,11,33049.6875,0.66908765,0.6557129,9.18046875,228.41970896093952
2024-11-16,1,1692,0.8489805,0.9067373,11,11,33049.6875,0.74225336,0.83584225,9.18046875,184.3043145264233
2024-11-16,2,1156,0.7957589,0.8091687,11,11,33049.6875,0.7669031,0.7822295,9.18046875,125.91949621308825
2024-11-17,0,768,0.80157685,0.8560455,11,11,33049.375,0.71462417,0.6983504,9.180381944444445,83.65665008793661
2024-11-17,1,2311,0.9014118,0.9461456,11,11,33049.375,0.760578,0.70483965,9.180381944444445,251.73244577242383
2024-11-17,2,764,0.8695873,0.9388559,11,11,33049.375,0.7498298,0.7693138,9.180381944444445,83.2209383687286
2024-11-18,0,2189,0.5982874,0.555643,11,11,33048.4375,0.6191069,0.613181,9.180121527777779,238.4500023639544
2024-11-18,1,1725,0.8546912,0.91533375,11,11,33048.4375,0.74009764,0.7197278,9.180121527777779,187.90600917214314
2024-11-18,2,776,0.74405944,0.7246274,10,10,30043.75,0.6872646,0.6649048,8.34548611111111,92.98439775327648
2024-11-19,0,1342,0.6283745,0.5634923,11,11,33048.75,0.65539896,0.62344664,9.180208333333333,146.18404629524568
2024-11-19,1,1821,0.88297284,0.9453003,11,11,33048.75,0.7476604,0.7579865,9.180208333333333,198.36151140360832
2024-11-19,2,724,0.77477807,0.78170925,11,11,33048.75,0.72444165,0.7601642,9.180208333333333,78.86531260637695
2024-11-20,0,1991,0.644935,0.5816735,11,11,33049.895833333336,0.64999485,0.6335062,9.18052662037037,216.87209049448592
2024-11-20,1,1342,0.82704335,0.8842508,10,10,30045.416666666668,0.74415565,0.7016853,8.345949074074074,160.79657185649504
2024-11-20,2,1000,0.78791845,0.7939509,10,10,30045.416666666668,0.73914427,0.75481665,8.345949074074074,119.81860794075635
2024-11-21,0,1720,0.70361483,0.62603104,11,11,33048.229166666664,0.69717854,0.683127,9.180063657407407,187.36253518374346
2024-11-21,1,2081,0.898784,0.9539087,11,11,33048.229166666664,0.79183406,0.8220367,9.180063657407407,226.68688123102916
2024-11-21,2,1158,0.8471586,0.9178085,11,11,33048.229166666664,0.77140707,0.807114,9.180063657407407,126.1429161295203
2024-11-22,0,1968,0.6753241,0.60056937,11,11,33050.520833333336,0.6723551,0.63996094,9.180700231481483,214.36273381975192
2024-11-22,1,2451,0.8854564,0.93773437,11,11,33050.520833333336,0.7754083,0.7758786,9.180700231481483,266.97309989441663
2024-11-22,2,1241,0.8427091,0.9168257,11,11,33050.520833333336,0.7538219,0.782503,9.180700231481483,135.1748743243456
2024-11-23,0,2478,0.6346112,0.57651293,11,11,33050.104166666664,0.63345784,0.6113341,9.18058449074074,269.91745487438584
2024-11-23,1,2127,0.8566012,0.9231935,11,11,33050.104166666664,0.76066875,0.7432212,9.18058449074074,231.68459504351034
2024-11-23,2,906,0.78464323,0.7956075,11,11,33050.104166666664,0.7036873,0.71156484,9.18058449074074,98.68652708482387
2024-11-24,0,976,0.74043745,0.7010679,11,11,33048.333333333336,0.71679914,0.76673245,9.180092592592594,106.31701043925563
2024-11-24,1,3160,0.92622995,0.96623254,11,11,33048.333333333336,0.7929823,0.84845215,9.180092592592594,344.2231075697211
2024-11-24,2,825,0.8517741,0.910324,11,11,33048.333333333336,0.764163,0.69974685,9.180092592592594,89.86837460285439
2024-11-25,0,184,0.8341376,0.9014758,9,9,27041.354166666668,0.792737,0.83257526,7.511487268518519,24.49581466657935
2024-11-25,1,1327,0.9009871,0.9405911,11,11,33050.833333333336,0.7519135,0.65700537,9.180787037037037,144.54098484657473
2024-11-25,2,471,0.7224908,0.68195593,11,11,33050.833333333336,0.7069738,0.66434515,9.180787037037037,51.30279115503895
2024-11-26,0,14,0.5923432,0.5611995,2,2,6008.645833333334,0.70115674,0.70115674,1.6690682870370372,8.387913250004333
2024-11-26,1,1704,0.9122376,0.97129947,11,11,33050.416666666664,0.7312048,0.67376435,9.180671296296296,185.60734231792338
2024-11-26,2,987,0.90665275,0.9942642,11,11,33050.416666666664,0.74301183,0.6914524,9.180671296296296,107.50847820879717
2024-11-27,0,5,0.7338732,0.7570949,3,3,9012.916666666666,0.7013729,0.7526245,2.5035879629629627,1.9971337432388703
2024-11-27,1,1328,0.8788355,0.931015,11,11,33049.6875,0.81996554,0.82762104,9.18046875,144.65492298527786
2024-11-27,2,449,0.7860554,0.79629064,11,11,33049.6875,0.7338211,0.7396155,9.18046875,48.908178027401924
2024-11-28,0,2,0.76432514,0.76432514,1,1,3004.4791666666665,0.76432514,0.76432514,0.8345775462962962,2.3964220088062964
2024-11-28,1,1624,0.8985181,0.95431596,10,10,30044.791666666664,0.76872575,0.81606746,8.345775462962962,194.58946711507127
2024-11-28,2,893,0.84511656,0.9110686,10,10,30045.0,0.7991284,0.8130268,8.345833333333333,106.99950074887668
2024-11-29,0,1,0.9822566,0.9822566,1,1,3004.0625,0.9822566,0.9822566,0.8344618055555556,1.198377197544991
2024-11-29,1,1449,0.90150255,0.9531916,11,11,33048.541666666664,0.84750766,0.8948684,9.180150462962962,157.84055020077793
2024-11-29,2,1021,0.891477,0.97175455,11,11,33048.541666666664,0.8285935,0.8530488,9.180150462962962,111.21822067287388
2024-11-30,1,914,0.8883669,0.94944066,11,11,33050.729166666664,0.8430565,0.85282916,9.18075810185185,99.5560486247467
2024-11-30,2,710,0.8591221,0.9257337,10,10,30046.145833333332,0.79785717,0.8332705,8.34615162037037,85.06914711052099
2024-12-01,0,1,0.52070457,0.52070457,1,1,3005.3125,0.52070457,0.52070457,0.8348090277777778,1.19787875636893
2024-12-01,1,1461,0.9131466,0.95871985,11,11,33058.958333333336,0.76989824,0.853232,9.183043981481482,159.0975718886081
2024-12-01,2,915,0.8663763,0.9368661,11,11,33058.958333333336,0.7389707,0.76125276,9.183043981481482,99.64016309245476
2024-12-02,0,4,0.8181872,0.8484958,4,4,12018.125,0.8181872,0.8484958,3.3383680555555557,1.198190233501482
2024-12-02,1,1690,0.8242999,0.8978386,11,11,33050.104166666664,0.7771814,0.85087186,9.18058449074074,184.08413992643747
2024-12-02,2,1220,0.71552694,0.668213,11,11,33050.104166666664,0.73002225,0.7427667,9.18058449074074,132.88914243210277
2024-12-03,0,2,0.5688763,0.5688763,1,1,3004.8958333333335,0.5688763,0.5688763,0.834693287037037,2.396089714701702
2024-12-03,1,1338,0.8225572,0.89002895,11,11,33050.520833333336,0.735199,0.68072516,9.180700231481483,145.74051720062403
2024-12-03,2,488,0.66695696,0.6307278,11,11,33050.520833333336,0.66130453,0.6628653,9.180700231481483,53.1549868414832
2024-12-04,0,5,0.5422679,0.53607357,2,2,6008.958333333334,0.5524527,0.5524527,1.6691550925925929,2.99552751100787
2024-12-04,1,1070,0.8255061,0.9086454,11,11,33051.458333333336,0.7295312,0.73719597,9.18096064814815,116.54553820746688
2024-12-04,2,787,0.715313,0.67402446,11,11,33051.458333333336,0.68290925,0.6730976,9.18096064814815,85.72087716754807
2024-12-05,0,1,0.5479172,0.5479172,1,1,2374.8958333333335,0.5479172,0.5479172,0.6596932870370371,1.515855958594675
2024-12-05,1,466,0.74140847,0.70548296,10,10,28779.6875,0.6656506,0.62042755,7.994357638888889,58.29111243824312
2024-12-05,2,357,0.6546181,0.61745995,10,10,28764.6875,0.6507729,0.6336088,7.990190972222222,44.67978315425815
2024-12-06,0,987,0.68923527,0.6109883,8,8,24035.208333333332,0.6762878,0.68893874,6.676446759259259,147.83312674982014
2024-12-06,1,1695,0.8850454,0.9516569,11,11,33048.75,0.74986,0.6987533,9.180208333333333,184.6363326903438
2024-12-06,2,995,0.8094856,0.8493406,11,11,33048.75,0.7190376,0.6881641,9.180208333333333,108.3853398388744
2024-12-07,0,1769,0.612622,0.5644714,11,11,33049.6875,0.62812704,0.6180806,9.18046875,192.6916858139733
2024-12-07,1,1428,0.8055928,0.8625984,11,11,33049.6875,0.7516245,0.7200601,9.18046875,155.54761296910903
2024-12-07,2,911,0.7367652,0.71691036,11,11,33049.6875,0.6866279,0.65994644,9.18046875,99.23240575270191
2024-12-08,0,569,0.82971895,0.8918665,11,11,33048.958333333336,0.7357883,0.6989137,9.180266203703704,61.980773473697475
2024-12-08,1,1191,0.9075725,0.9641474,11,11,33048.958333333336,0.7692644,0.6771078,9.180266203703704,129.73480001260756
2024-12-08,2,889,0.8435639,0.9346226,11,11,33048.958333333336,0.7423553,0.7098197,9.180266203703704,96.83815047120748
2024-12-09,0,341,0.86621857,0.953071,11,11,33049.375,0.7860008,0.82117146,9.180381944444445,37.144424062482265
2024-12-09,1,1671,0.9018613,0.95789474,11,11,33049.375,0.81869465,0.8865311,9.180381944444445,182.0185706991433
2024-12-09,2,1076,0.8843821,0.9641787,11,11,33049.375,0.8059321,0.8617241,9.180381944444445,117.20645246695285
2024-12-10,0,404,0.8056866,0.872456,10,10,30045.729166666668,0.7787885,0.8099562,8.34603587962963,48.40621413886471
2024-12-10,1,1365,0.90466446,0.96015245,11,11,33050.104166666664,0.7751367,0.7558832,9.18058449074074,148.68334378673794
2024-12-10,2,488,0.8092494,0.8569279,11,11,33050.104166666664,0.73784757,0.6945812,9.18058449074074,53.155656972841115
2024-12-11,0,259,0.7158453,0.68001646,11,11,33050.416666666664,0.7030688,0.72981733,9.180671296296296,28.21144463635103
2024-12-11,1,1339,0.9126075,0.961602,11,11,33050.416666666664,0.7909841,0.8764992,9.180671296296296,145.84990103503486
2024-12-11,2,470,0.7970164,0.83206046,11,11,33050.416666666664,0.7247512,0.75524473,9.180671296296296,51.19451343276056
2024-12-12,0,203,0.74919003,0.7106239,10,10,30046.354166666664,0.7053571,0.6684172,8.34620949074074,24.322418485326494
2024-12-12,1,1002,0.86659807,0.91065264,11,11,33051.354166666664,0.74878156,0.72179335,9.180931712962963,109.13924984162904
2024-12-12,2,449,0.7839064,0.7916766,11,11,33051.354166666664,0.71196055,0.7208494,9.180931712962963,48.90571175538067
2024-12-13,0,2733,0.6229861,0.5772352,11,11,33049.791666666664,0.6329861,0.62132055,9.180497685185184,297.6962789730142
2024-12-13,1,1115,0.86404866,0.94153416,11,11,33049.791666666664,0.77568495,0.829902,9.180497685185184,121.45311052137244
2024-12-13,2,760,0.80315006,0.8333297,11,11,33049.791666666664,0.72738594,0.74614733,9.180497685185184,82.78418295627179
2024-12-14,0,2417,0.62741864,0.5802345,11,11,33050.0,0.65546644,0.62484616,9.180555555555555,263.27382753403936
2024-12-14,1,704,0.86794335,0.9554236,11,11,33050.0,0.7464716,0.7437983,9.180555555555555,76.68381240544629
2024-12-14,2,700,0.8478243,0.95760643,11,11,33050.0,0.7425045,0.7221252,9.180555555555555,76.2481089258699
2024-12-15,0,12,0.5551408,0.5416366,2,2,3565.5208333333335,0.5551408,0.5551408,0.9904224537037037,12.116041952730141
2024-12-15,1,15,0.6802946,0.66365397,2,2,3565.5208333333335,0.6742126,0.6742126,0.9904224537037037,15.145052440912675
2024-12-15,2,21,0.61840665,0.58116347,2,2,3565.5208333333335,0.6166202,0.6166202,0.9904224537037037,21.203073417277746
